id,name,price,stock
1,Product 1,1360.19,431
2,Product 2,1438.76,250
3,Product 3,1246.57,230
4,Product 4,1815.33,307
5,Product 5,1030.14,248
6,Product 6,1071.99,381
7,Product 7,282.6,341
8,Product 8,302.7,170
9,Product 9,938.5,348
10,Product 10,570.13,210
11,Product 11,774.39,376
12,Product 12,1918.71,239
13,Product 13,140.08,26
14,Product 14,1517.64,237
15,Product 15,1076.01,365
16,Product 16,173.92,187
17,Product 17,1638.81,312
18,Product 18,1163.79,232
19,Product 19,359.14,6
20,Product 20,1384.11,497
21,Product 21,1518.18,319
22,Product 22,24.84,43
23,Product 23,1664.64,193
24,Product 24,364.51,368
25,Product 25,1554.42,136
26,Product 26,28.3,85
27,Product 27,762.71,498
28,Product 28,1187.28,181
29,Product 29,1208.05,158
30,Product 30,347.24,386
31,Product 31,1328.54,232
32,Product 32,1950.06,171
33,Product 33,200.11,213
34,Product 34,418.09,89
35,Product 35,1819.03,213
36,Product 36,1946.19,19
37,Product 37,1817.89,354
38,Product 38,1401.37,156
39,Product 39,779.05,19
40,Product 40,1927.99,100
41,Product 41,203.85,469
42,Product 42,638.78,230
43,Product 43,1768.43,125
44,Product 44,661.46,57
45,Product 45,1186.7,327
46,Product 46,672.95,335
47,Product 47,1558.81,400
48,Product 48,1308.05,476
49,Product 49,262.43,485
50,Product 50,1050.33,14
51,Product 51,147.04,384
52,Product 52,1750.53,91
53,Product 53,304.84,338
54,Product 54,1906.35,452
55,Product 55,879.76,287
56,Product 56,1736.63,395
57,Product 57,1200.51,152
58,Product 58,1402.74,97
59,Product 59,578.18,143
60,Product 60,238.19,8
61,Product 61,230.85,22
62,Product 62,1950.72,430
63,Product 63,836.12,293
64,Product 64,17.23,348
65,Product 65,1994.94,56
66,Product 66,1662.27,424
67,Product 67,422.1,351
68,Product 68,965.97,188
69,Product 69,815.9,61
70,Product 70,32.24,237
71,Product 71,386.08,242
72,Product 72,1061.66,432
73,Product 73,1459.84,345
74,Product 74,1835.84,293
75,Product 75,788.03,432
76,Product 76,1392.4,281
77,Product 77,1541.01,444
78,Product 78,1305.83,462
79,Product 79,1998.0,108
80,Product 80,1948.77,308
81,Product 81,955.65,40
82,Product 82,520.23,314
83,Product 83,1487.81,279
84,Product 84,1169.32,79
85,Product 85,239.17,425
86,Product 86,122.28,356
87,Product 87,95.66,0
88,Product 88,501.79,229
89,Product 89,239.69,175
90,Product 90,751.19,414
91,Product 91,82.27,196
92,Product 92,1993.81,105
93,Product 93,1940.61,189
94,Product 94,1516.12,305
95,Product 95,998.78,444
96,Product 96,1272.72,400
97,Product 97,1087.65,403
98,Product 98,507.12,277
99,Product 99,1843.08,330
100,Product 100,915.9,76
101,Product 101,234.9,319
102,Product 102,619.95,33
103,Product 103,760.44,196
104,Product 104,1638.63,267
105,Product 105,1854.46,101
106,Product 106,1594.17,180
107,Product 107,1213.13,177
108,Product 108,1150.25,297
109,Product 109,692.24,133
110,Product 110,353.73,404
111,Product 111,68.76,466
112,Product 112,1653.18,72
113,Product 113,1040.69,141
114,Product 114,1911.23,189
115,Product 115,1813.22,374
116,Product 116,150.4,221
117,Product 117,367.65,34
118,Product 118,1051.27,483
119,Product 119,736.83,302
120,Product 120,1348.93,345
121,Product 121,1394.41,382
122,Product 122,632.79,8
123,Product 123,103.73,53
124,Product 124,1059.98,456
125,Product 125,1692.93,102
126,Product 126,1270.18,321
127,Product 127,1742.12,35
128,Product 128,355.75,305
129,Product 129,1250.76,396
130,Product 130,855.07,166
131,Product 131,444.34,320
132,Product 132,631.98,248
133,Product 133,783.22,453
134,Product 134,1153.39,363
135,Product 135,1596.91,459
136,Product 136,556.85,385
137,Product 137,1692.78,313
138,Product 138,87.58,152
139,Product 139,686.35,345
140,Product 140,446.86,194
141,Product 141,1016.62,67
142,Product 142,1172.02,176
143,Product 143,500.13,11
144,Product 144,498.52,493
145,Product 145,1286.89,168
146,Product 146,1147.12,189
147,Product 147,1123.33,315
148,Product 148,1054.45,194
149,Product 149,399.56,359
150,Product 150,1805.46,171
151,Product 151,795.93,493
152,Product 152,1181.47,310
153,Product 153,570.9,277
154,Product 154,1239.92,390
155,Product 155,1518.81,46
156,Product 156,1299.37,353
157,Product 157,1735.38,265
158,Product 158,953.77,485
159,Product 159,142.21,258
160,Product 160,1386.14,13
161,Product 161,910.84,390
162,Product 162,1434.06,500
163,Product 163,812.2,140
164,Product 164,961.23,375
165,Product 165,329.88,47
166,Product 166,910.98,11
167,Product 167,790.74,454
168,Product 168,205.67,223
169,Product 169,390.4,267
170,Product 170,726.03,171
171,Product 171,420.17,36
172,Product 172,403.21,29
173,Product 173,1956.88,195
174,Product 174,1851.96,85
175,Product 175,1363.47,248
176,Product 176,1728.72,493
177,Product 177,544.23,225
178,Product 178,583.9,114
179,Product 179,846.68,137
180,Product 180,938.46,308
181,Product 181,435.83,445
182,Product 182,527.59,144
183,Product 183,1085.45,196
184,Product 184,1993.85,364
185,Product 185,570.03,139
186,Product 186,1443.79,483
187,Product 187,1699.51,168
188,Product 188,1583.89,301
189,Product 189,1676.83,428
190,Product 190,670.96,117
191,Product 191,1060.96,331
192,Product 192,10.68,367
193,Product 193,1819.66,239
194,Product 194,823.13,465
195,Product 195,125.84,241
196,Product 196,154.16,470
197,Product 197,486.12,486
198,Product 198,852.31,400
199,Product 199,538.41,448
200,Product 200,1347.18,166
201,Product 201,1665.65,331
202,Product 202,1338.61,296
203,Product 203,1697.64,100
204,Product 204,1108.67,306
205,Product 205,406.42,283
206,Product 206,1179.7,491
207,Product 207,1839.46,90
208,Product 208,970.31,180
209,Product 209,393.94,85
210,Product 210,1356.61,373
211,Product 211,813.65,285
212,Product 212,1878.45,378
213,Product 213,1198.38,248
214,Product 214,1201.36,418
215,Product 215,1568.04,336
216,Product 216,1691.91,438
217,Product 217,201.39,179
218,Product 218,1354.02,370
219,Product 219,1409.86,113
220,Product 220,1042.29,382
221,Product 221,1209.99,376
222,Product 222,1780.9,309
223,Product 223,1615.43,102
224,Product 224,1683.05,270
225,Product 225,79.21,237
226,Product 226,1787.48,279
227,Product 227,98.84,107
228,Product 228,1517.09,222
229,Product 229,967.29,170
230,Product 230,1354.42,235
231,Product 231,1827.97,455
232,Product 232,653.28,46
233,Product 233,1893.72,497
234,Product 234,1695.26,282
235,Product 235,1024.74,490
236,Product 236,1247.29,206
237,Product 237,1007.69,11
238,Product 238,1441.1,239
239,Product 239,1224.49,227
240,Product 240,151.33,51
241,Product 241,768.56,101
242,Product 242,1609.38,284
243,Product 243,605.79,43
244,Product 244,677.2,281
245,Product 245,71.94,170
246,Product 246,1922.64,107
247,Product 247,959.11,227
248,Product 248,1390.66,142
249,Product 249,1013.06,396
250,Product 250,1297.24,473
251,Product 251,1754.27,409
252,Product 252,1105.24,232
253,Product 253,1062.18,134
254,Product 254,117.73,396
255,Product 255,1322.28,271
256,Product 256,914.3,58
257,Product 257,1414.81,365
258,Product 258,1697.41,224
259,Product 259,1065.3,135
260,Product 260,276.65,403
261,Product 261,287.26,427
262,Product 262,1833.42,282
263,Product 263,1246.38,339
264,Product 264,1999.92,69
265,Product 265,791.86,62
266,Product 266,188.32,106
267,Product 267,804.5,21
268,Product 268,1873.2,343
269,Product 269,1861.52,450
270,Product 270,321.79,173
271,Product 271,573.54,171
272,Product 272,1477.86,331
273,Product 273,147.55,106
274,Product 274,925.1,76
275,Product 275,712.73,181
276,Product 276,1668.87,460
277,Product 277,970.32,183
278,Product 278,527.98,126
279,Product 279,285.15,264
280,Product 280,1614.07,279
281,Product 281,1252.6,161
282,Product 282,1351.37,203
283,Product 283,1642.21,366
284,Product 284,678.44,170
285,Product 285,1519.3,16
286,Product 286,291.47,245
287,Product 287,224.54,225
288,Product 288,1865.2,487
289,Product 289,1827.86,226
290,Product 290,472.31,240
291,Product 291,1735.56,111
292,Product 292,109.8,348
293,Product 293,112.34,130
294,Product 294,1510.38,116
295,Product 295,549.5,305
296,Product 296,112.66,361
297,Product 297,1746.96,22
298,Product 298,765.01,20
299,Product 299,664.19,339
300,Product 300,1669.64,435
301,Product 301,1690.43,125
302,Product 302,828.9,208
303,Product 303,1077.95,437
304,Product 304,1075.06,139
305,Product 305,898.27,414
306,Product 306,1306.65,49
307,Product 307,1958.91,213
308,Product 308,429.43,318
309,Product 309,933.9,446
310,Product 310,987.75,1
311,Product 311,816.78,4
312,Product 312,1178.87,142
313,Product 313,1233.45,373
314,Product 314,1067.23,103
315,Product 315,526.43,122
316,Product 316,848.87,119
317,Product 317,944.61,258
318,Product 318,1283.03,141
319,Product 319,534.29,474
320,Product 320,783.86,155
321,Product 321,112.1,192
322,Product 322,879.97,360
323,Product 323,329.29,37
324,Product 324,786.88,37
325,Product 325,580.98,135
326,Product 326,1650.64,69
327,Product 327,1855.19,145
328,Product 328,1807.22,226
329,Product 329,992.24,297
330,Product 330,412.11,136
331,Product 331,693.45,279
332,Product 332,1076.36,99
333,Product 333,360.23,489
334,Product 334,1416.78,346
335,Product 335,1619.12,476
336,Product 336,1088.1,222
337,Product 337,712.32,274
338,Product 338,1932.92,83
339,Product 339,1287.34,92
340,Product 340,1742.37,392
341,Product 341,1825.91,101
342,Product 342,1884.46,186
343,Product 343,385.64,172
344,Product 344,1117.07,8
345,Product 345,1453.88,449
346,Product 346,909.87,122
347,Product 347,149.91,160
348,Product 348,1343.47,190
349,Product 349,189.01,139
350,Product 350,771.28,414
351,Product 351,1201.96,265
352,Product 352,189.37,198
353,Product 353,1459.33,500
354,Product 354,128.27,42
355,Product 355,1126.22,310
356,Product 356,662.13,480
357,Product 357,547.71,110
358,Product 358,588.36,47
359,Product 359,1742.08,75
360,Product 360,1454.04,45
361,Product 361,1608.95,292
362,Product 362,209.86,204
363,Product 363,1707.98,406
364,Product 364,207.7,185
365,Product 365,1991.35,10
366,Product 366,1153.3,190
367,Product 367,1439.66,303
368,Product 368,155.14,371
369,Product 369,1903.94,247
370,Product 370,1510.15,247
371,Product 371,1101.47,12
372,Product 372,1625.91,362
373,Product 373,826.97,29
374,Product 374,24.57,283
375,Product 375,837.02,75
376,Product 376,415.22,3
377,Product 377,167.04,176
378,Product 378,222.5,194
379,Product 379,793.11,324
380,Product 380,1422.81,329
381,Product 381,1587.17,396
382,Product 382,160.33,213
383,Product 383,1969.3,165
384,Product 384,1086.59,245
385,Product 385,1683.21,280
386,Product 386,200.71,114
387,Product 387,877.95,177
388,Product 388,1531.54,429
389,Product 389,1491.94,409
390,Product 390,587.29,353
391,Product 391,1623.93,233
392,Product 392,1771.68,166
393,Product 393,1458.3,32
394,Product 394,31.14,413
395,Product 395,366.95,321
396,Product 396,1253.5,183
397,Product 397,1643.62,24
398,Product 398,466.65,314
399,Product 399,1287.85,11
400,Product 400,1095.27,320
401,Product 401,985.31,467
402,Product 402,1854.67,236
403,Product 403,523.98,456
404,Product 404,1163.08,247
405,Product 405,338.97,367
406,Product 406,252.5,122
407,Product 407,1488.68,418
408,Product 408,236.15,238
409,Product 409,963.23,485
410,Product 410,268.53,0
411,Product 411,797.26,461
412,Product 412,262.59,74
413,Product 413,1438.66,362
414,Product 414,482.53,248
415,Product 415,289.88,483
416,Product 416,1961.5,176
417,Product 417,1684.42,244
418,Product 418,589.29,297
419,Product 419,1937.51,266
420,Product 420,1008.85,236
421,Product 421,1047.91,234
422,Product 422,1638.01,329
423,Product 423,1269.07,174
424,Product 424,66.0,337
425,Product 425,1812.93,167
426,Product 426,826.71,151
427,Product 427,1090.3,223
428,Product 428,648.82,51
429,Product 429,574.37,352
430,Product 430,1398.61,189
431,Product 431,1433.68,413
432,Product 432,1396.03,398
433,Product 433,719.43,160
434,Product 434,730.55,47
435,Product 435,866.66,108
436,Product 436,1499.38,223
437,Product 437,1691.13,176
438,Product 438,1986.95,443
439,Product 439,1764.7,138
440,Product 440,739.0,180
441,Product 441,905.23,413
442,Product 442,519.07,182
443,Product 443,1993.63,36
444,Product 444,1875.36,316
445,Product 445,836.74,368
446,Product 446,1479.86,23
447,Product 447,50.94,482
448,Product 448,91.69,161
449,Product 449,753.26,275
450,Product 450,1606.39,247
451,Product 451,879.87,109
452,Product 452,1136.52,288
453,Product 453,819.96,123
454,Product 454,371.26,162
455,Product 455,1838.06,59
456,Product 456,824.46,34
457,Product 457,650.21,167
458,Product 458,267.38,332
459,Product 459,1006.99,163
460,Product 460,1212.06,489
461,Product 461,1994.71,468
462,Product 462,1778.08,131
463,Product 463,549.67,201
464,Product 464,1619.29,41
465,Product 465,558.31,65
466,Product 466,361.78,356
467,Product 467,1278.02,246
468,Product 468,1000.19,213
469,Product 469,1870.54,104
470,Product 470,885.27,13
471,Product 471,1281.8,132
472,Product 472,88.99,448
473,Product 473,561.64,251
474,Product 474,37.95,72
475,Product 475,1976.29,458
476,Product 476,681.43,21
477,Product 477,662.72,152
478,Product 478,1073.56,118
479,Product 479,1930.47,451
480,Product 480,1401.41,439
481,Product 481,1999.47,15
482,Product 482,537.12,173
483,Product 483,230.8,15
484,Product 484,1628.3,223
485,Product 485,146.26,232
486,Product 486,707.47,38
487,Product 487,1926.7,392
488,Product 488,776.39,360
489,Product 489,1035.36,197
490,Product 490,295.38,433
491,Product 491,1337.19,368
492,Product 492,178.69,469
493,Product 493,691.63,85
494,Product 494,1791.98,352
495,Product 495,1694.5,369
496,Product 496,1418.52,480
497,Product 497,1073.44,80
498,Product 498,516.62,153
499,Product 499,118.66,238
500,Product 500,562.13,153
